{
  "version": 1,
  "author": "Anonymous maker",
  "editor": "wokwi",
  "parts": [
    {
      "type": "board-st-nucleo-c031c6",
      "id": "nucleo",
      "top": 12.74,
      "left": -118.59,
      "attrs": {}
    },
    {
      "type": "wokwi-lcd2004",
      "id": "lcd1",
      "top": 84.03,
      "left": 204.44,
      "attrs": { "pins": "i2c" }
    }
  ],
  "connections": [
    [ "$serialMonitor:TX", "nucleo:PA3", "", [] ],
    [ "$serialMonitor:RX", "nucleo:PA2", "", [] ],
    [ "nucleo:PB8", "lcd1:SCL", "green", [ "h0" ] ],
    [ "nucleo:PB9", "lcd1:SDA", "green", [ "h56.73", "v-18.5" ] ],
    [ "lcd1:VCC", "nucleo:5V.2", "red", [ "h0" ] ],
    [ "lcd1:GND", "nucleo:GND.9", "black", [ "h0" ] ]
  ],
  "dependencies": {}
}