{
  "version": 1,
  "author": "Anonymous maker",
  "editor": "wokwi",
  "parts": [
    {
      "type": "board-st-nucleo-c031c6",
      "id": "nucleo",
      "top": 68.6,
      "left": -127.41,
      "attrs": {}
    },
    { "type": "wokwi-ili9341", "id": "lcd1", "top": -50.16, "left": 214.22, "attrs": {} }
  ],
  "connections": [
    [ "$serialMonitor:TX", "nucleo:PA3", "", [] ],
    [ "$serialMonitor:RX", "nucleo:PA2", "", [] ],
    [ "nucleo:D12", "lcd1:MISO", "green", [ "h114.46", "v41.9", "h131.33", "v-11.76" ] ],
    [ "nucleo:D11", "lcd1:MOSI", "green", [ "h96.82", "v24.46", "h106.83" ] ],
    [ "nucleo:D13", "lcd1:SCK", "green", [ "h79.18", "v60.32", "h147.02" ] ],
    [ "lcd1:CS", "nucleo:D10", "green", [ "v0" ] ],
    [ "lcd1:D/C", "nucleo:D9", "green", [ "v0" ] ]
  ],
  "dependencies": {}
}