{
  "version": 1,
  "author": "Anonymous maker",
  "editor": "wokwi",
  "parts": [
    { "type": "board-st-nucleo-c031c6", "id": "nucleo", "top": 9.8, "left": -138.19, "attrs": {} },
    {
      "type": "wokwi-lcd2004",
      "id": "lcd1",
      "top": 29.14,
      "left": 172.09,
      "attrs": { "pins": "i2c" }
    },
    { "type": "wokwi-potentiometer", "id": "pot1", "top": -82.65, "left": -13.85, "attrs": {} }
  ],
  "connections": [
    [ "$serialMonitor:TX", "nucleo:PA3", "", [] ],
    [ "$serialMonitor:RX", "nucleo:PA2", "", [] ],
    [ "nucleo:D15", "lcd1:SCL", "green", [ "v0" ] ],
    [ "nucleo:D14", "lcd1:SDA", "green", [ "h63.49", "v-63.78" ] ],
    [ "nucleo:5V.2", "lcd1:VCC", "red", [ "h237.91", "v-145.68" ] ],
    [ "nucleo:GND.9", "lcd1:GND", "black", [ "h58.59", "v-98.66" ] ],
    [ "nucleo:3V3.2", "pot1:VCC", "green", [ "h0" ] ],
    [ "pot1:SIG", "nucleo:A0", "green", [ "v0" ] ],
    [ "pot1:GND", "nucleo:GND.5", "black", [ "v0" ] ]
  ],
  "dependencies": {}
}