{
  "version": 1,
  "author": "Anonymous maker",
  "editor": "wokwi",
  "parts": [
    {
      "type": "board-st-nucleo-c031c6",
      "id": "nucleo",
      "top": 11.76,
      "left": -132.31,
      "attrs": {}
    },
    {
      "type": "wokwi-led",
      "id": "led1",
      "top": 89.51,
      "left": 332.01,
      "attrs": { "color": "purple" }
    },
    {
      "type": "wokwi-resistor",
      "id": "r1",
      "top": 160.77,
      "left": 255.68,
      "attrs": { "value": "1000" }
    }
  ],
  "connections": [
    [ "$serialMonitor:TX", "nucleo:PA3", "", [] ],
    [ "$serialMonitor:RX", "nucleo:PA2", "", [] ],
    [ "nucleo:PA6", "led1:A", "green", [ "h0" ] ],
    [ "nucleo:GND.8", "r1:1", "black", [ "h0" ] ],
    [ "led1:C", "r1:2", "green", [ "v0" ] ]
  ],
  "dependencies": {}
}